psi(Int),col(Int),ext(Int),p(Int),psi(sc.canopy1km_mean),psi(sc.canopy1km_median),psi(sc.canopy2500m_mean),psi(sc.canopy2500m_median),psi(sc.canopy500m_mean),psi(sc.canopy500m_median),psi(sc.canopy5km_mean),psi(sc.canopy5km_median),psi(sc.dis_2_clutter),psi(sc.elev),psi(sc.impervious),psi(sc.structure),psi(sc.tree_canopy),psi(sc.urban1km_mean),psi(sc.urban1km_median),psi(sc.urban2500m_mean),psi(sc.urban2500m_median),psi(sc.urban500m_mean),psi(sc.urban500m_median),psi(sc.urban5km_mean),psi(sc.urban5km_median),psi(sc.water),p(canopy),df,logLik,QAIC,delta,weight
0.9076456561303186,-1.8648996602870047,-0.6047200835483093,0.5267423048142235,NA,NA,NA,NA,NA,NA,NA,NA,NA,NA,NA,NA,NA,-5.7039644586252365,NA,NA,NA,NA,NA,NA,10.545492238690647,+,+,9,-728.6124781475003,985.049639930464,0,0.275901954048358
1.3585732769284606,-1.8093362173834797,-0.5520659799652833,0.5271505768726963,NA,NA,NA,NA,NA,NA,NA,NA,NA,NA,NA,NA,NA,NA,NA,NA,8.660141021840829,NA,NA,-3.3689847495161187,NA,+,+,9,-728.796040768079,985.2927692292437,0.2431292987797633,0.244320506424435
1.384936668703721,-1.8019647487659525,-0.5380308391093824,0.527814771507172,NA,NA,NA,NA,NA,NA,NA,NA,NA,NA,NA,NA,NA,NA,5.6918608875970325,NA,NA,NA,NA,-3.4392661959235036,NA,+,+,9,-729.1041828058828,985.7009043786527,0.6512644481887264,0.199220716762623
1.3416752379565642,-1.7913734814089353,-0.5246845334450676,0.527730993436866,NA,NA,NA,NA,NA,NA,NA,NA,NA,NA,NA,NA,NA,NA,NA,NA,NA,NA,5.253637703166894,-3.383987948052623,NA,+,+,9,-729.9311542649799,986.7962308145429,1.7465908840789552,0.115209259381829
0.3836025535200081,-1.9886743604270922,-0.6729010063737919,0.5273698127501627,NA,NA,NA,NA,NA,NA,NA,NA,NA,NA,NA,NA,NA,NA,NA,NA,NA,-2.714539262028768,NA,NA,3.7106860804785224,+,+,9,-730.8741721363066,988.0452611076909,2.9956211772268944,0.0616969794964385
0.7026347463669562,-1.7649231611021172,-0.5126244803212784,0.5354239607668854,NA,NA,NA,NA,NA,NA,NA,NA,NA,NA,NA,NA,NA,NA,NA,-2.7893649003831467,NA,NA,NA,NA,10.14482009264276,+,+,9,-732.321764833371,989.962602428306,4.912962497842045,0.0236547588537732
-3.5515467710676414,-2.0620075019766015,-0.7115752208961327,0.527677507931205,NA,NA,NA,NA,NA,NA,0.04835169671880261,NA,NA,NA,NA,NA,NA,NA,NA,NA,NA,NA,NA,NA,0.19834987486990416,+,+,9,-733.9554806028702,992.1264643746625,7.076824444198564,0.00801755362895758
0.8943602692782318,-1.863747926426037,-0.6253878740840585,0.5267779973407392,NA,NA,NA,NA,NA,NA,NA,NA,NA,NA,NA,NA,NA,-5.46442939205701,NA,NA,10.123592655736424,NA,NA,NA,NA,+,+,9,-734.0448929718747,992.2448913534764,7.195251423012451,0.00755658865424975
-2.9957882740374995,-2.05581750419706,-0.7123952109003688,0.5286320994751864,NA,NA,NA,NA,NA,NA,NA,0.03379373467640531,NA,NA,NA,NA,NA,NA,NA,NA,NA,NA,NA,NA,0.20851820662833817,+,+,9,-734.3589698755874,992.6608872524336,7.611247321969586,0.00613752706363713
-2.688975310057464,-2.1074522613398257,-0.738825069584006,0.5265144067238257,NA,NA,NA,NA,NA,NA,0.03745482429089379,NA,NA,NA,NA,NA,NA,NA,NA,NA,NA,NA,NA,-0.01927550144225085,NA,+,+,9,-735.3259412805202,993.9416440801591,8.89200414969514,0.00323504710469006
0.017354393182046356,-2.0531951734117917,-0.7184361402561371,0.5308914573087563,NA,NA,NA,NA,NA,NA,NA,NA,NA,NA,NA,+,NA,NA,NA,NA,NA,NA,NA,NA,0.4585766574863283,+,+,11,-732.5221594912791,994.2280258162638,9.178385885799798,0.00280345509997492
-2.1091764444490986,-2.09814077156127,-0.7374934562701458,0.5273041906848954,NA,NA,NA,NA,NA,NA,NA,0.024175514807782465,NA,NA,NA,NA,NA,NA,NA,NA,NA,NA,NA,-0.01942012848023136,NA,+,+,9,-735.789197029926,994.5552278542066,9.50558792374261,0.00238035967872152
-2.5688344593033734,-2.0357736945745186,-0.7030222617720515,0.5278005494589925,NA,NA,NA,NA,0.027589266459669554,NA,NA,NA,NA,NA,NA,NA,NA,NA,NA,NA,NA,NA,NA,NA,0.16693426504125172,+,+,9,-735.9132829647883,994.7195800858124,9.6699401553484,0.00219257244295613
0.4346010996732635,-2.00637071243838,-0.7049402874621862,0.5257098164501254,NA,NA,NA,NA,NA,NA,NA,NA,NA,NA,NA,NA,NA,NA,NA,NA,NA,-2.72459426266765,3.49443356845647,NA,NA,+,+,9,-735.9184546714129,994.7264300283614,9.676790097897424,0.00218507579055952
-0.33914573284394584,-2.086182951495696,-0.7266742991334939,0.5284721352068881,NA,NA,NA,NA,NA,NA,NA,NA,NA,NA,-0.13062867158895358,NA,NA,NA,NA,NA,NA,NA,NA,NA,0.289199979834601,+,+,9,-736.0485986989593,994.8988062237871,9.849166293323151,0.00200463583731512
-0.252856681591313,-2.1251021201623113,-0.758448199886856,0.5276606292937845,NA,NA,NA,NA,NA,NA,NA,NA,NA,NA,NA,NA,NA,NA,NA,NA,NA,NA,NA,-0.08682876537519546,NA,+,+,8,-737.7189465617205,995.1111874989675,10.061547568503556,0.00180267519208388
-2.2566564578766566,-2.028629832003307,-0.702725223227847,0.5292601605940699,0.024490844964873148,NA,NA,NA,NA,NA,NA,NA,NA,NA,NA,NA,NA,NA,NA,NA,NA,NA,NA,NA,0.16558886869222786,+,+,9,-736.2896227678739,995.2180434011575,10.168403470693534,0.00170888964346873
0.4306964169178121,-1.9917810843082286,-0.6863532785544886,0.5264133499040822,NA,NA,NA,NA,NA,NA,NA,NA,NA,NA,NA,NA,NA,NA,4.944155848177274,NA,NA,-2.7318100567657213,NA,NA,NA,+,+,9,-736.3096248671656,995.2445362479014,10.194896317437383,0.00168640223543602
0.779326645121413,-1.7719635314874485,-0.5315116715918767,0.5348460371482043,NA,NA,NA,NA,NA,NA,NA,NA,NA,NA,NA,NA,NA,NA,4.108734277152334,-2.979837354518525,NA,NA,NA,NA,NA,+,+,9,-736.5091031998593,995.5087459600785,10.459106029614532,0.00147770845825326
0.4332985624864557,-1.9944305484457792,-0.6914215811431422,0.5264539621283546,NA,NA,NA,NA,NA,NA,NA,NA,NA,NA,NA,NA,NA,NA,NA,NA,6.268904298553022,-2.723062036237879,NA,NA,NA,+,+,9,-736.545929209622,995.5575221319497,10.5078822014857,0.00144210588135854
-2.0157138067879985,-2.031266283596625,-0.699493347564522,0.5289095605582077,NA,NA,NA,NA,NA,0.0183399617023923,NA,NA,NA,NA,NA,NA,NA,NA,NA,NA,NA,NA,NA,NA,0.1618396677897343,+,+,9,-736.5584922697404,995.5741619466761,10.524522016212131,0.00143015746778792
-0.5502202641111322,-2.06366028907044,-0.7273755012455991,0.5304365125777446,NA,NA,NA,NA,NA,NA,NA,NA,NA,NA,NA,NA,NA,NA,NA,NA,NA,NA,NA,NA,0.11255746245761572,+,+,8,-738.080069560313,995.5894961063748,10.539856175910813,0.001419234264331
-0.36858620935206104,-2.09788732417212,-0.734876952656289,0.5288209613959769,NA,NA,NA,NA,NA,NA,NA,NA,NA,NA,NA,NA,NA,NA,NA,NA,NA,NA,-21.001839278102043,NA,20.281975573488246,+,+,9,-736.6070037757759,995.6384155970542,10.588775666590209,0.00138494126438605
-1.6985588646002296,-2.1057209827530183,-0.7430977878350246,0.5257869512607034,NA,NA,NA,NA,0.019252240325408867,NA,NA,NA,NA,NA,NA,NA,NA,NA,NA,NA,NA,NA,NA,-0.05111527888326642,NA,+,+,9,-736.608281512248,995.6401079632424,10.590468032778404,0.00138376984618884
-0.1874277399412534,-2.1879918659027684,-0.7996258502970333,0.5252900019645479,NA,NA,NA,NA,NA,NA,NA,NA,NA,NA,NA,NA,NA,NA,NA,0.2387423848002326,NA,NA,NA,-0.33897036091503374,NA,+,+,9,-736.7141208898815,995.7802925693795,10.730652638915558,0.00129009936713243
-1.3867586501973028,-2.1046818324124463,-0.7447664887446648,0.526943998382957,0.01588041316792199,NA,NA,NA,NA,NA,NA,NA,NA,NA,NA,NA,NA,NA,NA,NA,NA,NA,NA,-0.05737410217813106,NA,+,+,9,-736.9292763539205,996.0652666939344,11.015626763470436,0.00111877258925329
-1.6137167875039087,-2.024012754320249,-0.6982020602988906,0.5301594562285542,NA,0.013765637474581887,NA,NA,NA,NA,NA,NA,NA,NA,NA,NA,NA,NA,NA,NA,NA,NA,NA,NA,0.15250944289760324,+,+,9,-737.0097820255467,996.1718967225784,11.122256792114399,0.00106068737781207
-0.19753852214378417,-2.163995305351335,-0.7803863451823547,0.52665058255472,NA,NA,NA,NA,NA,NA,NA,NA,NA,NA,NA,NA,NA,0.1590844276733989,NA,NA,NA,NA,NA,-0.23253770501706714,NA,+,+,9,-737.016947097336,996.1813868838888,11.131746953424795,0.00105566625289696
-1.7310194786100366,-2.0630957874884857,-0.7180287536064445,0.5295564044021217,NA,NA,0.01881472530433069,NA,NA,NA,NA,NA,NA,NA,NA,NA,NA,NA,NA,NA,NA,NA,NA,NA,0.148627818838689,+,+,9,-737.0425558776583,996.2153057982229,11.16566586775889,0.00103791368872614
-1.1744474017272273,-2.105508666036964,-0.743118466049407,0.5267265162081454,NA,NA,NA,NA,NA,0.011174374702028709,NA,NA,NA,NA,NA,NA,NA,NA,NA,NA,NA,NA,NA,-0.05978375576924833,NA,+,+,9,-737.1035112211847,996.2960413525625,11.246401422098529,0.000996849824847149
-1.332778098687827,-2.069633857006437,-0.7233071356365922,0.5297740691386461,NA,NA,NA,0.01125574596713312,NA,NA,NA,NA,NA,NA,NA,NA,NA,NA,NA,NA,NA,NA,NA,NA,0.13943803088007453,+,+,9,-737.274362860785,996.522334914947,11.472694984483041,0.000890206403951347
-0.21243505929427164,-2.142524656031982,-0.7633538590195349,0.5267098631178536,NA,NA,NA,NA,NA,NA,NA,NA,NA,NA,-0.03314519424091368,NA,NA,NA,NA,NA,NA,NA,NA,-0.0632847478337521,NA,+,+,9,-737.2949108348304,996.5495507746098,11.499910844145802,0.000878174587394807
-0.863413792998333,-2.1065777002414423,-0.7456939576030381,0.5274584606433939,NA,0.007749799149063854,NA,NA,NA,NA,NA,NA,NA,NA,NA,NA,NA,NA,NA,NA,NA,NA,NA,-0.06877399260873755,NA,+,+,9,-737.3518432508481,996.6249579481432,11.575318017679251,0.000845680673442082
-0.9520668300608266,-2.124651185089131,-0.7540395557203997,0.5273489553039978,NA,NA,0.010693025795226012,NA,NA,NA,NA,NA,NA,NA,NA,NA,NA,NA,NA,NA,NA,NA,NA,-0.06852217600336148,NA,+,+,9,-737.390367790453,996.6759838284145,11.626343897950505,0.000824377778300881
-0.017978430528438193,-2.1500742796302954,-0.7736250409545372,0.5245572207204274,NA,NA,NA,NA,NA,NA,NA,NA,-0.004033410542735482,NA,NA,NA,NA,NA,NA,NA,NA,NA,NA,-0.07863150996397746,NA,+,+,9,-737.4467508675991,996.7506634007935,11.701023470329574,0.000794163299888977
-0.7056319044318173,-2.1288604882577946,-0.7571643702669519,0.5274334139514912,NA,NA,NA,0.006216785651287954,NA,NA,NA,NA,NA,NA,NA,NA,NA,NA,NA,NA,NA,NA,NA,-0.0723232157900283,NA,+,+,9,-737.46827544637,996.7791727766489,11.729532846184952,0.000782923053319545
-0.4448578311253154,-2.064683316636872,-0.7151289235260481,0.5301318165827098,NA,NA,NA,NA,NA,NA,NA,NA,NA,NA,NA,NA,NA,NA,-6.04489767525481,NA,NA,NA,NA,NA,7.7775263361373845,+,+,9,-737.501177627177,996.8227518240755,11.773111893611485,0.000766048049688404
-0.5085881409582769,-2.131980334306183,-0.7598114893618381,0.5259860729582995,NA,NA,NA,NA,NA,NA,NA,NA,NA,NA,NA,NA,0.004027397740683463,NA,NA,NA,NA,NA,NA,-0.07953935149922924,NA,+,+,9,-737.5634752734796,996.9052652628869,11.85562533242296,0.000735086497836782
-0.21760416302182944,-2.0992489863054122,-0.7490322343001746,0.5264727630405828,NA,NA,NA,NA,NA,NA,NA,NA,-0.005338918759542394,NA,NA,NA,NA,NA,NA,NA,NA,NA,NA,NA,0.11711335058416325,+,+,9,-737.6116469611886,996.9690688227664,11.919428892302449,0.000712006041394444
0.15227544428480938,-2.098076105813645,-0.7423640061076118,0.5301702284238607,NA,NA,NA,NA,NA,NA,NA,NA,NA,NA,NA,+,NA,NA,NA,NA,NA,NA,NA,-0.05860146740419666,NA,+,+,11,-734.5918687121282,996.9693625326202,11.919722602156185,0.000711901487476623
-0.2533492037622773,-2.123670364621311,-0.7574471334575216,0.5277301435453474,NA,NA,NA,NA,NA,NA,NA,NA,NA,NA,NA,NA,NA,NA,NA,NA,NA,-0.0054532730496413525,NA,-0.08298221738992421,NA,+,+,9,-737.7177213221464,997.1095646650946,12.059924734630613,0.000663705465701233
-0.915129562224138,-2.0793561007807755,-0.7314463646585262,0.5277830429859773,NA,NA,NA,NA,NA,NA,NA,NA,NA,NA,NA,NA,0.0061946445089935,NA,NA,NA,NA,NA,NA,NA,0.11916298070608862,+,+,9,-737.7229577643734,997.1165003501634,12.066860419699424,0.000661407825886101
-0.5320091481759722,-2.062574228964381,-0.7212760452899376,0.5304572926829583,NA,NA,NA,NA,NA,NA,NA,NA,NA,NA,NA,NA,NA,NA,NA,NA,-0.09427111356612,NA,NA,NA,0.2404072432291896,+,+,9,-737.9609109889167,997.4316701839956,12.382030253531639,0.000564977391818856
-0.15996924672099785,-2.109193933411342,-0.753553212752008,0.5282685367386432,NA,NA,NA,NA,NA,NA,NA,NA,NA,-9.622518261359992e-5,NA,NA,NA,NA,NA,NA,NA,NA,NA,-0.08858432218726192,NA,+,+,9,-738.1007160809877,997.6168424913744,12.56720256091046,0.000515016820953786
-2.9582965932428875,-2.092215325538082,-0.742999851166879,0.5254804371742905,NA,NA,-0.05087006401141433,NA,NA,NA,0.0933257201565718,NA,NA,NA,NA,NA,NA,NA,NA,NA,NA,NA,NA,NA,NA,+,+,9,-738.1329003086221,997.6594706074465,12.609830676982483,0.000504155879079326
-2.8934453439037813,-2.1021989286174434,-0.7357766405135028,0.5264246897809315,NA,NA,NA,NA,NA,NA,0.04053591403402005,NA,NA,NA,NA,NA,NA,NA,NA,NA,NA,NA,NA,NA,NA,+,+,8,-740.0065171855714,998.1410823649952,13.091442434531245,0.0003962635916773
0.7454070193260213,-1.7524973362402545,-0.5093353979493054,0.5359833813405587,NA,NA,NA,NA,NA,NA,NA,NA,NA,NA,NA,NA,NA,NA,NA,-2.7940419849690787,NA,NA,6.115668367070431,NA,NA,+,+,9,-738.663780731615,998.3626234855828,13.312983555118876,0.000354713018896853
-3.269517703122454,-2.083367729729379,-0.7339726284291013,0.5262393039531674,NA,NA,NA,-0.021342994714850655,NA,NA,0.07075796333012861,NA,NA,NA,NA,NA,NA,NA,NA,NA,NA,NA,NA,NA,NA,+,+,9,-738.8980659268221,998.6729350024134,13.623295071949428,0.000303734300176444
-3.5740386208160206,-2.0718218274505595,-0.7219384029056266,0.5269348080768266,NA,NA,NA,NA,NA,NA,0.049374492133991525,NA,NA,NA,NA,NA,NA,NA,NA,NA,0.1195499422496739,NA,NA,NA,NA,+,+,9,-738.9268713670771,998.7110879034134,13.661447972949418,0.000297995044197399
-3.573747834588531,-2.069956018711793,-0.7195512199750161,0.5270157598560089,NA,NA,NA,NA,NA,NA,0.04930830171661444,NA,NA,NA,NA,NA,NA,NA,0.11489200253560673,NA,NA,NA,NA,NA,NA,+,+,9,-738.9923074669509,998.797758234372,13.748118303908086,0.000285357189111428
-2.284832842296027,-2.0913787793578518,-0.7333066822840378,0.5272878756561232,NA,NA,NA,NA,NA,NA,NA,0.026421342732817894,NA,NA,NA,NA,NA,NA,NA,NA,NA,NA,NA,NA,NA,+,+,8,-740.5056173375011,998.8021421688757,13.752502238411694,0.000284732380527975
-0.42345259448294414,-1.9877017826231684,-0.6957084461183054,0.532727209284211,NA,NA,NA,NA,NA,NA,NA,NA,NA,-2.267309236270495e-4,NA,NA,NA,NA,NA,NA,NA,NA,NA,NA,0.11904782576826031,+,+,9,-739.2403723279436,999.1263209641637,14.076681033699742,0.000242126502161411
-3.104919990649257,-2.061098415607335,-0.7187890768006858,0.5279414017307319,NA,NA,NA,NA,NA,NA,NA,0.035684895013339046,NA,NA,NA,NA,NA,NA,NA,NA,0.13583140391838228,NA,NA,NA,NA,+,+,9,-739.2426786435836,999.1293756868657,14.07973575640176,0.000241756969776534
-2.4031585536769002,-2.0861997674540906,-0.7410644692545372,0.526547290499408,NA,NA,NA,-0.02688479457691245,NA,NA,NA,0.054387765770511395,NA,NA,NA,NA,NA,NA,NA,NA,NA,NA,NA,NA,NA,+,+,9,-739.2623976130844,999.1554935272642,14.105853596800216,0.000238620409420728
-3.1186170201544283,-2.059507490212451,-0.716992615906173,0.528017897090548,NA,NA,NA,NA,NA,NA,NA,0.03579077524999424,NA,NA,NA,NA,NA,NA,0.13268893163775847,NA,NA,NA,NA,NA,NA,+,+,9,-739.293601863495,999.1968236602584,14.147183729794392,0.000233739904454015
-3.3762409015972925,-2.078292900348296,-0.7228952818243842,0.5268592907149016,NA,NA,NA,NA,NA,NA,0.04681717632401453,NA,NA,NA,NA,NA,NA,NA,NA,NA,NA,NA,0.07683879972108938,NA,NA,+,+,9,-739.5760808736674,999.5709680445925,14.52132811412855,0.000193860104006504
-2.628772914779708,-2.1234373799540966,-0.7440798318371935,0.5252103311515396,NA,NA,NA,NA,NA,NA,0.03779234161630197,NA,NA,NA,-0.033735748945623215,NA,NA,NA,NA,NA,NA,NA,NA,NA,NA,+,+,9,-739.5823798087406,999.5793110049544,14.529671074490466,0.000193053104785623
-2.9076087877776935,-2.1104098275204137,-0.7424498700728943,0.5265377147285065,NA,-0.01054908232697557,NA,NA,NA,NA,0.05344583900481142,NA,NA,NA,NA,NA,NA,NA,NA,NA,NA,NA,NA,NA,NA,+,+,9,-739.655294477428,999.6758867250702,14.626246794606232,0.00018395247667861
-3.3577805304860484,-2.0972689592139826,-0.7333893489922291,0.5264925887672801,NA,NA,NA,NA,NA,NA,0.04663884896602125,NA,NA,NA,NA,NA,NA,0.04408988935463343,NA,NA,NA,NA,NA,NA,NA,+,+,9,-739.791055652251,999.8557028506635,14.806062920199565,0.000168135362228889
-1.972684005826692,-2.082164571030837,-0.7365473010675523,0.5271050879206239,NA,NA,-0.026320466518900465,NA,NA,NA,NA,0.04501994533185246,NA,NA,NA,NA,NA,NA,NA,NA,NA,NA,NA,NA,NA,+,+,9,-739.8060657007551,999.8755837096094,14.825943779145405,0.000166472303969589
-3.3223578390616453,-2.096257243683651,-0.7339616694640722,0.5264962957438744,NA,NA,NA,NA,NA,NA,0.046043184836204815,NA,NA,NA,NA,NA,NA,NA,NA,0.0360449745742259,NA,NA,NA,NA,NA,+,+,9,-739.8306564082643,999.9081541831315,14.858514252667533,0.000163783218710863
-2.8235594227363756,-2.1046937153895335,-0.73689431161033625,0.5268544431645086,-0.010528238672564852,NA,NA,NA,NA,NA,0.05093021531919831,NA,NA,NA,NA,NA,NA,NA,NA,NA,NA,NA,NA,NA,NA,+,+,9,-739.8585948146854,999.9451586949475,14.89551876448354,0.00016078072182185
-2.9369183826358967,-2.065211012167351,-0.7187105614790668,0.5278912100787866,NA,NA,NA,NA,NA,NA,NA,0.03383452448722338,NA,NA,NA,NA,NA,NA,NA,NA,NA,NA,0.0972642100740428,NA,NA,+,+,9,-739.8984529185108,999.9979508854448,14.948310954980798,0.000156592261267377
-2.8448361433389544,-2.1042137776441034,-0.7372876641050173,0.5266092529956972,NA,NA,NA,NA,NA,-0.0033769785685683544,0.044042347901004565,NA,NA,NA,NA,NA,NA,NA,NA,NA,NA,NA,NA,NA,NA,+,+,9,-739.9752446855978,1000.0996618352289,15.05002190476489,0.000148827793651527
-2.7873392814136935,-2.107489879867964,-0.739600671096673,0.525808173133991,NA,NA,NA,NA,NA,NA,0.03962193149244787,NA,-8.078337157115431e-4,NA,NA,NA,NA,NA,NA,NA,NA,NA,NA,NA,NA,+,+,9,-739.9972145944232,1000.1287610522162,15.079121121752223,0.000146678084159396
-2.9821384637250854,-2.1009614744423564,-0.7353285209213958,0.5264407899976236,NA,NA,NA,NA,NA,NA,0.04169383432819705,NA,NA,NA,NA,NA,NA,NA,NA,NA,NA,0.010504248534049007,NA,NA,NA,+,+,9,-739.9980224995214,1000.129831125194,15.080191194729991,0.000146599627022838
-2.8903299186308185,-2.1003117918565883,-0.73493004361885,0.5266948563957409,NA,NA,NA,NA,NA,NA,0.041157520857263326,NA,NA,NA,NA,NA,-6.940562620682978e-4,NA,NA,NA,NA,NA,NA,NA,NA,+,+,9,-740.0028981296006,1000.1362889133783,15.086648982914312,0.000146127035737429
-2.9013385418323936,-2.101985364952942,-0.7356691872629083,0.5264287232532535,NA,NA,NA,NA,5.799683287721315e-4,NA,0.03999136928740226,NA,NA,NA,NA,NA,NA,NA,NA,NA,NA,NA,NA,NA,NA,+,+,9,-740.0060111991941,1000.140412184363,15.09077225389899,0.000145826085385721
-2.2134142424772896,-2.0972698809986623,-0.7395725316309788,0.5276609241921975,NA,-0.014173441155386424,NA,NA,NA,NA,NA,0.039957203781685414,NA,NA,NA,NA,NA,NA,NA,NA,NA,NA,NA,NA,NA,+,+,9,-740.0109152765165,1000.1469076510152,15.097267720551258,0.000145353249386624
-2.0427840242989537,-2.110207476173782,-0.7404084831191616,0.526083175152338,NA,NA,NA,NA,NA,NA,NA,0.024333140554930063,NA,NA,-0.033635253221199354,NA,NA,NA,NA,NA,NA,NA,NA,NA,NA,+,+,9,-740.0636340300753,1000.2167338146692,15.167093884205201,0.000140366084711798
-2.096200275670603,-2.079247478592404,-0.7282876138785996,0.5262632647820237,NA,NA,NA,NA,0.02342498971227297,NA,NA,NA,NA,NA,NA,NA,NA,NA,NA,NA,NA,NA,NA,NA,NA,+,+,8,-741.5755418263175,1000.2192606971092,15.169620766645266,0.000140188852399359
0.07660986102260421,-2.070750860391417,-0.7392929536997033,0.5299870834501935,NA,NA,NA,NA,NA,NA,NA,NA,NA,NA,NA,+,NA,NA,1.1257583394656783,NA,NA,NA,NA,NA,NA,+,+,11,-737.091567833772,1000.2802222963868,15.230582365922828,0.000135980250689156
-2.9252387430072497,-2.0864125703594243,-0.7308309779487604,0.5273926529323223,NA,NA,NA,NA,NA,NA,NA,0.033645229262233005,NA,NA,NA,NA,NA,0.059593686509238644,NA,NA,NA,NA,NA,NA,NA,+,+,9,-740.1718041858422,1000.3600055441619,15.310365613697968,0.000130662548727185
-2.8132458528689392,-2.0845067341964287,-0.7307076301644648,0.5274131607710298,NA,NA,NA,NA,NA,NA,NA,0.032217837076731454,NA,NA,NA,NA,NA,NA,NA,0.045083849444772804,NA,NA,NA,NA,NA,+,+,9,-740.2678887972437,1000.4872699301241,15.43762999966009,0.000122607211458216
0.06852212100982386,-2.051651936025882,-0.717355419556521,0.5305448070414722,NA,NA,NA,NA,NA,NA,NA,NA,NA,NA,NA,+,NA,NA,NA,NA,1.1120226701524751,NA,NA,NA,NA,+,+,11,-737.2662528909399,1000.511593233033,15.461953302568986,0.000121125135797715
-0.43272217106733885,-2.0891259420921857,-0.7408060738650305,0.5292200509503726,NA,NA,NA,NA,NA,NA,NA,NA,NA,NA,NA,NA,NA,NA,NA,NA,NA,NA,NA,NA,NA,+,+,7,-743.3600025592358,1000.5827848466699,15.53314491620597,0.000116889422904869
-2.169240413545398,-2.092758521266389,-0.7350833715114279,0.5277457620069337,NA,NA,NA,NA,NA,-0.006578471069387291,NA,0.031974594834028015,NA,NA,NA,NA,NA,NA,NA,NA,NA,NA,NA,NA,NA,+,+,9,-740.4143661919117,1000.6812797243863,15.631639793922318,0.000111272366237455
-2.1614930585784933,-2.0899883544438698,-0.7327032864919112,0.527725775136522,-0.008070830170311193,NA,NA,NA,NA,NA,NA,0.03227090823655813,NA,NA,NA,NA,NA,NA,NA,NA,NA,NA,NA,NA,NA,+,+,9,-740.4253522009253,1000.6958307297024,15.646190799238411,0.000110465741698696
-2.0864880024776498,-2.10353180799357,-0.7415359707800311,0.5258781169675291,NA,NA,NA,NA,NA,NA,NA,0.025227783774023804,-0.0018158683378714602,NA,NA,NA,NA,NA,NA,NA,NA,NA,NA,NA,NA,+,+,9,-740.4554296935843,1000.7356684683235,15.686028537859556,0.000108287158514361
-2.4071972899888117,-2.085472080383109,-0.7334592443731378,0.5294988463168926,NA,NA,NA,NA,NA,NA,0.03683274560832452,NA,NA,NA,NA,+,NA,NA,NA,NA,NA,NA,NA,NA,NA,+,+,11,-737.4518851454621,1000.757463768824,15.707823838360014,0.000107113489665858
-2.44813386575926,-2.089374382710403,-0.7326050578861858,0.5273603494208714,NA,NA,NA,NA,NA,NA,NA,0.028246566955091798,NA,NA,NA,NA,NA,NA,NA,NA,NA,0.019883076105675877,NA,NA,NA,+,+,9,-740.4802795082211,1000.7685821300942,15.718942199630192,0.000106519678509377
-1.7763298109143915,-2.0739630577849915,-0.7283589437220714,0.5277191425152697,0.01998401502331829,NA,NA,NA,NA,NA,NA,NA,NA,NA,NA,NA,NA,NA,NA,NA,NA,NA,NA,NA,NA,+,+,8,-741.996726787191,1000.7771215724384,15.727481641974464,0.000106065838756874
-2.3471476783555163,-2.0918295016476947,-0.7334445297194055,0.5271202648769898,NA,NA,NA,NA,0.0026122496943428,NA,NA,0.02467896361074441,NA,NA,NA,NA,NA,NA,NA,NA,NA,NA,NA,NA,NA,+,+,9,-740.4965333203354,1000.7901103580601,15.740470427596165,0.000105379237478615
-2.2948671770771867,-2.092409784467388,-0.7336840122313096,0.5271209640254289,NA,NA,NA,NA,NA,NA,NA,0.02616929354078683,NA,NA,NA,NA,4.6059996907448734e-4,NA,NA,NA,NA,NA,NA,NA,NA,+,+,9,-740.503879984286,1000.7998410387894,15.750201108325427,0.000104867776844871
-1.5925550903004237,-2.0723312596576875,-0.7238112726530119,0.5274508942397494,NA,NA,NA,NA,NA,0.015007512914418224,NA,NA,NA,NA,NA,NA,NA,NA,NA,NA,NA,NA,NA,NA,NA,+,+,8,-742.1717161635689,1001.008895580886,15.959255650422051,0.0000944596743924791
-0.2754567931506572,-2.0526223059013193,-0.719490470764667,0.5286849689079257,NA,NA,NA,NA,NA,NA,NA,NA,NA,NA,-0.3200418061639279,NA,NA,NA,NA,NA,0.4083388806074641,NA,NA,NA,NA,+,+,9,-740.7305715961426,1001.1000948293279,16.050454898863904,0.0000902490790925086
-2.5976438518361586,-2.0427486853847032,-0.7125932905522202,0.5270531600861994,NA,NA,NA,NA,0.028571812591138366,NA,NA,NA,NA,NA,NA,NA,NA,NA,NA,NA,0.09394382306878189,NA,NA,NA,NA,+,+,9,-740.8846052878073,1001.3041129639831,16.25447303351916,0.0000814968464694793
-0.2756641443766558,-2.132408181406627,-0.7565347368627308,0.5270060879984296,NA,NA,NA,NA,NA,NA,NA,NA,NA,NA,-0.0477628633972662,NA,NA,NA,NA,NA,NA,NA,NA,NA,NA,+,+,8,-742.413923439182,1001.3296999194463,16.280059988982316,0.0000804608594476516
-1.684290978798271,-2.0807714570295697,-0.7283645690789385,0.5302665369231147,NA,NA,NA,NA,NA,NA,NA,0.022718222060701485,NA,NA,NA,+,NA,NA,NA,NA,NA,NA,NA,NA,NA,+,+,11,-737.9171565516147,1001.3737172869069,16.3240773564429,0.0000787093665646147
-2.586230342884494,-2.041495289744855,-0.7105858302095682,0.5271418430459709,NA,NA,NA,NA,0.028400945903665382,NA,NA,NA,NA,NA,NA,NA,NA,NA,0.08896200950321113,NA,NA,NA,NA,NA,NA,+,+,9,-740.9449531627873,1001.3840439242216,16.334403993757633,0.0000783040124106119
-0.34992429922343343,-2.1031784216132903,-0.7435874284212826,0.5283432500145072,NA,NA,NA,NA,NA,NA,NA,NA,NA,NA,NA,NA,NA,NA,NA,NA,23.291065331594297,NA,-28.907976208106682,NA,NA,+,+,9,-740.9552772399928,1001.397718198666,16.348078268202016,0.0000777704631858039
-0.3598388195621744,-2.090379256035512,-0.7320773901454641,0.5289229620085933,NA,NA,NA,NA,NA,NA,NA,NA,NA,NA,NA,NA,NA,NA,15.055935443280124,NA,NA,NA,-18.22106062100723,NA,NA,+,+,9,-740.969728682601,1001.416859182253,16.367219251789038,0.0000770297119370219
-0.2871010758397807,-2.057738131417372,-0.7161919873044823,0.528738873165327,NA,NA,NA,NA,NA,NA,NA,NA,NA,NA,-0.253893322733741,NA,NA,NA,0.32760164062837865,NA,NA,NA,NA,NA,NA,+,+,9,-741.0055877772838,1001.4643546718991,16.41471474143509,0.0000752219797316056
0.13536528473305903,-2.0858233984151915,-0.7343712206944163,0.5301005468009415,NA,NA,NA,NA,NA,NA,NA,NA,NA,NA,NA,+,NA,NA,NA,NA,NA,NA,NA,NA,NA,+,+,10,-739.5159846126304,1001.4913703478549,16.441730417390886,0.0000742127251862634
-1.257522897511926,-2.0676477501112966,-0.7235723958355897,0.5285720635346887,NA,0.011151217618929198,NA,NA,NA,NA,NA,NA,NA,NA,NA,NA,NA,NA,NA,NA,NA,NA,NA,NA,NA,+,+,8,-742.5546438459055,1001.5160845641133,16.466444633649303,0.0000733013133215983
-1.398277676094537,-2.099361436582383,-0.7385432652467255,0.528171674926896,NA,NA,0.015780118101888226,NA,NA,NA,NA,NA,NA,NA,NA,NA,NA,NA,NA,NA,NA,NA,NA,NA,NA,+,+,8,-742.5659227061273,1001.5310234518241,16.481383521360158,0.0000727558330305618
-3.695069728545254,-1.954849035805173,-0.6707582615178647,0.5315122683111575,NA,NA,NA,NA,NA,NA,0.06173385366186932,NA,NA,-5.251538650839783e-4,NA,NA,NA,NA,NA,NA,NA,NA,NA,NA,NA,+,+,9,-741.1493478959832,1001.6547654251433,16.605125494679328,0.0000683907851341599
-1.7361222785985173,-2.1103478837660066,-0.7417684360518767,0.5249821508542416,NA,NA,NA,NA,0.020073844374848073,NA,NA,NA,NA,NA,-0.03472501407424484,NA,NA,NA,NA,NA,NA,NA,NA,NA,NA,+,+,9,-741.1910590134537,1001.7100119383492,16.660372007885258,0.0000665274629225239
-1.0743529362571784,-2.102928900767061,-0.7418268448705833,0.528383542429609,NA,NA,NA,0.009535979557982582,NA,NA,NA,NA,NA,NA,NA,NA,NA,NA,NA,NA,NA,NA,NA,NA,NA,+,+,8,-742.7316003793306,1001.7504640785836,16.700824148119636,0.0000651953904994331
-0.30679248562885436,-2.093529464438734,-0.7373993837777161,0.5285857206563714,NA,NA,NA,NA,NA,NA,NA,NA,NA,NA,NA,NA,NA,NA,NA,NA,NA,-0.07331034030429523,NA,NA,NA,+,+,8,-742.8042225315008,1001.8466523596038,16.79701242913984,0.0000621340798374126
-2.215384281983061,-2.09665372093513,-0.7379454211190851,0.5247330587937321,NA,-0.013759850250086463,NA,NA,0.03957893501504407,NA,NA,NA,NA,NA,NA,NA,NA,NA,NA,NA,NA,NA,NA,NA,NA,+,+,9,-741.3001105940784,1001.8544511179847,16.804811187520727,0.0000618922672653328
-2.217968450437286,-2.036392544682012,-0.7124610433217088,0.5286498087465294,0.024663869864307093,NA,NA,NA,NA,NA,NA,NA,NA,NA,NA,NA,NA,NA,NA,NA,0.09110278291028902,NA,NA,NA,NA,+,+,9,-741.3521536137561,1001.9233822698756,16.873742339411592,0.0000597954560884124
-0.08938948801518808,-2.132450802285141,-0.7661340700068376,0.524758198478042,NA,NA,NA,NA,NA,NA,NA,NA,-0.005359752374718596,NA,NA,NA,NA,NA,NA,NA,NA,NA,NA,NA,NA,+,+,8,-742.8775645156601,1001.9437940604769,16.894154130012907,0.000059188293513133
-2.4188329787597485,-2.054037742385746,-0.7156575051461317,0.526821176045101,NA,NA,NA,NA,0.02677336922696372,NA,NA,NA,NA,NA,NA,NA,NA,NA,NA,NA,NA,NA,0.050840084495525704,NA,NA,+,+,9,-741.3750408507956,1001.95369649112,16.904056560656045,0.0000588959638182589
-2.2141795426226705,-2.035192654062713,-0.7106014275864446,0.5287116379218105,0.024586165320956727,NA,NA,NA,NA,NA,NA,NA,NA,NA,NA,NA,NA,NA,0.08645565165666129,NA,NA,NA,NA,NA,NA,+,+,9,-741.4057524190462,1001.9943740649618,16.94473413449782,0.0000577101908276625
0.6877262863886091,-2.1175426768267496,-0.7473552670581918,0.5257577490546659,NA,NA,NA,NA,NA,NA,NA,NA,-0.011463785337317298,NA,NA,+,NA,NA,NA,NA,NA,NA,NA,NA,NA,+,+,11,-738.411757569452,1002.028817972784,16.979178042320086,0.0000567248179587517
-0.7923026816012397,-2.1083115680037334,-0.7467508349528105,0.5263310793007141,NA,NA,NA,NA,NA,NA,NA,NA,NA,NA,NA,NA,0.0061505196846977925,NA,NA,NA,NA,NA,NA,NA,NA,+,+,8,-742.99743392671,1002.1025614923311,17.05292156186715,0.0000546713639674336
-1.4358866893612277,-2.111677633746984,-0.7444864710445892,0.5260597875395061,0.016928418944284537,NA,NA,NA,NA,NA,NA,NA,NA,NA,-0.038658226172293864,NA,NA,NA,NA,NA,NA,NA,NA,NA,NA,+,+,9,-741.498273777344,1002.1169189103895,17.067278979925504,0.0000542802995017092
-2.0892768527146397,-2.0351409968433933,-0.7067964035480965,0.5282543822722547,NA,NA,NA,NA,NA,0.01971387019903615,NA,NA,NA,NA,NA,NA,NA,NA,NA,NA,0.09416420204166238,NA,NA,NA,NA,+,+,9,-741.5010687422214,1002.1206208506244,17.070980920160423,0.0000541799212166266
-1.8646488003694126,-2.093890911153981,-0.7379767878657824,0.5248298270560212,NA,NA,NA,NA,0.02180813076239687,NA,NA,NA,-0.0018170538573165228,NA,NA,NA,NA,NA,NA,NA,NA,NA,NA,NA,NA,+,+,9,-741.5299160288106,1002.1588291772325,17.10918924676855,0.0000531546834898624
-2.0931967149244826,-2.074392255216919,-0.7262807821822617,0.5259756628030186,NA,NA,NA,-0.0032265398287412623,0.02649508442634039,NA,NA,NA,NA,NA,NA,NA,NA,NA,NA,NA,NA,NA,NA,NA,NA,+,+,9,-741.5407535718851,1002.1731835389207,17.12354360845677,0.0000527745484943373
-1.9512461084841335,-2.0829713447093927,-0.7294324370273807,0.5262256701630187,NA,NA,NA,NA,0.021866396804406364,NA,NA,NA,NA,NA,NA,NA,NA,NA,NA,NA,NA,-0.017695843943686358,NA,NA,NA,+,+,9,-741.5501444079206,1002.1856217323451,17.135981801881144,0.0000524473569458203
-2.1997537588603917,-2.076386521873575,-0.7270542537146178,0.5263183725580898,NA,NA,NA,NA,0.024522748977305726,NA,NA,NA,NA,NA,NA,NA,NA,0.011089460285085426,NA,NA,NA,NA,NA,NA,NA,+,+,9,-741.5611435947459,1002.2001901917164,17.15055026125242,0.0000520667064075062
-2.0845559617451284,-2.0806419755140433,-0.7285244893610979,0.5260504943351489,-0.004795114397029918,NA,NA,NA,0.027820799860871586,NA,NA,NA,NA,NA,NA,NA,NA,NA,NA,NA,NA,NA,NA,NA,NA,+,+,9,-741.5622154132119,1002.2016098188237,17.15196988835976,0.0000520297618670221
-2.072647068352567,-2.0340988207243864,-0.7049239637571172,0.5283628843142719,NA,NA,NA,NA,NA,0.019503630212378328,NA,NA,NA,NA,NA,NA,NA,NA,0.08892731405398736,NA,NA,NA,NA,NA,NA,+,+,9,-741.5634044376612,1002.203184685644,17.153544755180064,0.0000519888080205354
-2.1755697450261593,-2.076634723939335,-0.7272586157592041,0.5262977052429,NA,NA,NA,NA,0.024243167115760383,NA,NA,NA,NA,NA,NA,NA,NA,NA,NA,0.007469308119494846,NA,NA,NA,NA,NA,+,+,9,-741.5675505504912,1002.2086762258161,17.159036295352166,0.0000518462545058136
-2.0712047286025355,-2.077741994019974,-0.72778836778349,0.5261836919024938,NA,NA,-0.001820250663598163,NA,0.02465682480934716,NA,NA,NA,NA,NA,NA,NA,NA,NA,NA,NA,NA,NA,NA,NA,NA,+,+,9,-741.5703507435693,1002.2123850908202,17.16274516035628,0.0000517501982188259
-2.096963680732753,-2.080530853947385,-0.728813018711948,0.5261006895721493,NA,NA,NA,NA,0.023141390912550804,NA,NA,NA,NA,NA,NA,NA,3.683456751787294e-4,NA,NA,NA,NA,NA,NA,NA,NA,+,+,9,-741.5744791920246,1002.2178532344697,17.16821330400569,0.000051608902704013
-1.3224999199814322,-2.083593827256023,-0.724204999172149,0.5291351497748791,NA,NA,NA,NA,0.01909074389412598,NA,NA,NA,NA,NA,NA,+,NA,NA,NA,NA,NA,NA,NA,NA,NA,+,+,11,-738.591649814646,1002.2670858472131,17.21744591674917,0.0000503539911555901
-0.49024031906095417,-2.072940402648008,-0.7355422902001129,0.5298050036562794,NA,NA,NA,NA,NA,NA,NA,NA,NA,NA,NA,NA,NA,NA,NA,NA,0.0528633406869769,NA,NA,NA,NA,+,+,8,-743.1411054639052,1002.2928549190798,17.24321498861582,0.0000497093651187347
-0.34737834203523665,-2.0931965734263094,-0.7397706771227844,0.5288260454510092,NA,NA,NA,NA,NA,NA,NA,NA,NA,NA,NA,NA,NA,NA,NA,-0.03465883232217769,NA,NA,NA,NA,NA,+,+,8,-743.1437702795631,1002.2963844762426,17.246744545778597,0.0000496217164588656
-0.3611006912635881,-2.0921837201380797,-0.7406756038743291,0.5288149315029067,NA,NA,NA,NA,NA,NA,NA,NA,NA,NA,NA,NA,NA,-0.03611462987675806,NA,NA,NA,NA,NA,NA,NA,+,+,8,-743.1698727013398,1002.3309572203177,17.281317289853746,0.0000487713084182783
-0.4881494162554854,-2.072802219441499,-0.7344082087558583,0.5298291499004908,NA,NA,NA,NA,NA,NA,NA,NA,NA,NA,NA,NA,NA,NA,0.04723533611421718,NA,NA,NA,NA,NA,NA,+,+,8,-743.1780593459753,1002.3418004582454,17.292160527781448,0.0000485076044647849
0.08752169373051553,-2.0647348586452416,-0.7302136705502272,0.5303494964974919,NA,NA,NA,NA,NA,NA,NA,NA,NA,NA,NA,+,NA,NA,NA,NA,NA,NA,0.15861239136834202,NA,NA,+,+,11,-738.6841891330349,1002.3896544808409,17.340014550376964,0.0000473607377261918
-1.2156389860767816,-2.107122903616682,-0.7393532371918228,0.5260684546101275,NA,NA,NA,NA,NA,0.011759496879806356,NA,NA,NA,NA,-0.036303338481251723,NA,NA,NA,NA,NA,NA,NA,NA,NA,NA,+,+,9,-741.7323294249028,1002.4269263905998,17.377286460135792,0.0000464862984676508
-2.0702584178789234,-2.0866091141022007,-0.7813119726841489,0.5249822121370893,NA,NA,NA,NA,0.0232543491514503,NA,NA,NA,NA,2.5674235162241695e-5,NA,NA,NA,NA,NA,NA,NA,NA,NA,NA,NA,+,+,9,-741.7481090267665,1002.4478265255186,17.398186595054653,0.0000460030429369474
0.22493553387902912,-2.1034457844930805,-0.7393759330646205,0.529302292020266,NA,NA,NA,NA,NA,NA,NA,NA,NA,NA,-0.043541392793958106,+,NA,NA,NA,NA,NA,NA,NA,NA,NA,+,+,11,-738.7949747520638,1002.5363904000845,17.486750469620574,0.0000440103840768787
-2.0211872134371087,-2.0510541925077628,-0.7169543740466567,0.5283117426626185,0.02258175167210637,NA,NA,NA,NA,NA,NA,NA,NA,NA,NA,NA,NA,NA,NA,NA,NA,NA,0.043528876142297265,NA,NA,+,+,9,-741.8481693162774,1002.5803567103012,17.530716779837235,0.000043053453688715
-0.4328487477495929,-2.0891320419700903,-0.7407760780323344,0.5292019449194465,NA,NA,NA,NA,NA,NA,NA,NA,NA,NA,NA,NA,NA,NA,NA,NA,NA,NA,1.5371709347447782e-4,NA,NA,+,+,8,-743.3600008437095,1002.5827825744497,17.533142643985684,0.0000430012644312404
-1.4708790658144233,-2.097173056234745,-0.7434117379347456,0.5256418449815997,0.01791750455717487,NA,NA,NA,NA,NA,NA,NA,-0.0026061855069220794,NA,NA,NA,NA,NA,NA,NA,NA,NA,NA,NA,NA,+,+,9,-741.8992562378559,1002.6480215070939,17.59838157662989,0.0000416212167098663
-1.5586608498662926,-2.081067195135741,-0.7303393819063926,0.5275243074208665,0.01761178836911271,NA,NA,NA,NA,NA,NA,NA,NA,NA,NA,NA,NA,NA,NA,NA,NA,-0.031110349713506888,NA,NA,NA,+,+,9,-741.9158022399357,1002.6699367416367,17.620296811172693,0.0000411676369618407
-1.0788708987574533,-2.1339515141181975,-0.7529192817043038,0.526500585207844,NA,NA,0.012797301532839731,NA,NA,NA,NA,NA,NA,NA,-0.04168801280498158,NA,NA,NA,NA,NA,NA,NA,NA,NA,NA,+,+,9,-741.9219222558424,1002.6780427229701,17.628402792506108,0.0000410011225820182
-1.801291475177431,-2.064799756021505,-0.7247410530264659,0.5277230282965064,0.024141401373784566,NA,NA,-0.0038082515068471757,NA,NA,NA,NA,NA,NA,NA,NA,NA,NA,NA,NA,NA,NA,NA,NA,NA,+,+,9,-741.959784012702,1002.7281907453007,17.67855081483674,0.00003998584175027
-0.9237485667433574,-2.1107011445586643,-0.7426769190858054,0.5267206658396586,NA,0.008564311701723882,NA,NA,NA,NA,NA,NA,NA,NA,-0.04084621908657171,NA,NA,NA,NA,NA,NA,NA,NA,NA,NA,+,+,9,-741.9612028098489,1002.7300699468198,17.680430016355785,0.0000399482886682063
-0.8926422752589996,-2.083644516313523,-0.7293120629157751,0.5292311473010088,0.01411134228525082,NA,NA,NA,NA,NA,NA,NA,NA,NA,NA,+,NA,NA,NA,NA,NA,NA,NA,NA,NA,+,+,11,-738.9472430314539,1002.7380702403364,17.688430309872388,0.0000397888088348151
-0.2981933621943986,-2.105095116024739,-0.7418163985170063,0.5277100887705115,NA,NA,NA,NA,NA,NA,NA,NA,NA,NA,-0.09645086535504667,NA,NA,NA,NA,NA,NA,NA,0.11048689283526925,NA,NA,+,+,9,-741.9682077371451,1002.7393479962187,17.689708065754758,0.0000397633967610155
-1.7994738220380553,-2.0738615622847374,-0.7270497525646447,0.5275331663377577,0.01525256110932524,NA,NA,NA,NA,0.0044228498313087896,NA,NA,NA,NA,NA,NA,NA,NA,NA,NA,NA,NA,NA,NA,NA,+,+,9,-741.9707421685941,1002.742704859065,17.693064928601075,0.0000396967126044471
-1.7938145497373301,-2.0813197707697095,-0.7314209133159756,0.5269359879999995,0.018809509520985243,NA,NA,NA,NA,NA,NA,NA,NA,NA,NA,NA,0.0017022255296081322,NA,NA,NA,NA,NA,NA,NA,NA,+,+,9,-741.9734193071546,1002.7462507379531,17.69661080748915,0.000039626395089639
-1.9121804879050541,-2.046513974608177,-0.7101602223512553,0.5280620486933341,NA,NA,NA,NA,NA,0.018071689179078986,NA,NA,NA,NA,NA,NA,NA,NA,NA,NA,NA,NA,0.050691667028083996,NA,NA,+,+,9,-741.9825888953186,1002.7583958878392,17.708755957375274,0.0000393864899938019
-1.7508554565664893,-2.0705618490333073,-0.7272984034788198,0.5277209975515634,0.022131489973519047,NA,-0.0027788806325835416,NA,NA,NA,NA,NA,NA,NA,NA,NA,NA,NA,NA,NA,NA,NA,NA,NA,NA,+,+,9,-741.9883931454042,1002.7660836362969,17.716443705832944,0.0000392353838824481
-1.8214148697118882,-2.0723950444616563,-0.7277162701548043,0.5277741529145301,0.02047767722053648,NA,NA,NA,NA,NA,NA,NA,NA,NA,NA,NA,NA,0.005250936999821309,NA,NA,NA,NA,NA,NA,NA,+,+,9,-741.9935093168336,1002.7728600222962,17.723220091832218,0.0000391026717835014
-1.7978513755100936,-2.07314614289199,-0.7280892498594563,0.5277455798485111,0.02021425466446503,NA,NA,NA,NA,NA,NA,NA,NA,NA,NA,NA,NA,NA,NA,0.0021949276899345723,NA,NA,NA,NA,NA,+,+,9,-741.9960362549215,1002.776206960161,17.72656702969698,0.0000390372894000509
-1.6137820289219633,-2.0302129985587634,-0.7063951783222746,0.5295812015948914,NA,0.01437656432322063,NA,NA,NA,NA,NA,NA,NA,NA,NA,NA,NA,NA,NA,NA,0.08325336666034203,NA,NA,NA,NA,+,+,9,-742.0149277507851,1002.8012288089868,17.751588878522853,0.0000385519392433411
-1.7508789782628276,-2.0731240039170777,-0.7271545028985893,0.5288869733673761,NA,NA,0.0198615012317309,NA,NA,NA,NA,NA,NA,NA,NA,NA,NA,NA,NA,NA,0.08303751213186349,NA,NA,NA,NA,+,+,9,-742.0231442429907,1002.8121115801201,17.762471649656163,0.0000383427329797406
-1.2570368682944035,-2.098738346670826,-0.7409226669858455,0.5248778159852031,NA,NA,NA,NA,NA,0.013255592187331975,NA,NA,-0.0031402149789832683,NA,NA,NA,NA,NA,NA,NA,NA,NA,NA,NA,NA,+,+,9,-742.0244776429811,1002.8138776728226,17.76423774235866,0.0000383088895141595
-0.7868121173209621,-2.138107188062141,-0.7561703705682098,0.5266084226792741,NA,NA,NA,0.007392070473353243,NA,NA,NA,NA,NA,NA,-0.042940609281946186,NA,NA,NA,NA,NA,NA,NA,NA,NA,NA,+,+,9,-742.053462970093,1002.8522688345603,17.80262890409631,0.000037580541028058
0.02370567026288057,-2.1706715223485262,-0.779901565225878,0.5228408305456522,NA,NA,NA,NA,NA,NA,NA,NA,-0.00468705529316066,NA,-0.0475925535926404,NA,NA,NA,NA,NA,NA,NA,NA,NA,NA,+,+,9,-742.0632511986232,1002.8652333756598,17.815593445195873,0.0000373377216544128
-1.608547154429621,-2.029268911796987,-0.7047557631336031,0.5296291928108026,NA,0.014296843514396782,NA,NA,NA,NA,NA,NA,NA,NA,NA,NA,NA,NA,0.07860033428590062,NA,NA,NA,NA,NA,NA,+,+,9,-742.0648697523783,1002.8673771554679,17.817737225003953,0.0000372977211694195
-1.7330729764683053,-2.072387365691202,-0.72527302619371,0.5289371053073522,NA,NA,0.019607669297722986,NA,NA,NA,NA,NA,NA,NA,NA,NA,NA,NA,0.07745038909289319,NA,NA,NA,NA,NA,NA,+,+,9,-742.0849825583773,1002.8940166336123,17.844376703148328,0.0000368042192103366
-1.379881072920321,-2.079063558693592,-0.7264559744280144,0.5273437315822688,NA,NA,NA,NA,NA,0.01293598269882593,NA,NA,NA,NA,NA,NA,NA,NA,NA,NA,NA,-0.027909596131840398,NA,NA,NA,+,+,9,-742.1135121600308,1002.9318041854713,17.882164255007297,0.0000361153764511897
-1.623456825276231,-2.074181520572314,-0.7237296188807126,0.5269967468251272,NA,-0.007364937457302141,NA,NA,NA,0.022402785762739002,NA,NA,NA,NA,NA,NA,NA,NA,NA,NA,NA,NA,NA,NA,NA,+,+,9,-742.1172718288085,1002.9367838792166,17.887143948752623,0.0000360255665469291
-1.6250596664953847,-2.081234737929283,-0.72776226164261,0.5264806242049319,NA,NA,NA,NA,NA,0.013665808953236644,NA,NA,NA,NA,NA,NA,0.002373886385149122,NA,NA,NA,NA,NA,NA,NA,NA,+,+,9,-742.127280452176,1002.950040334008,17.90040040354404,0.0000357875705170301
-1.8567753653775128,-2.0165679613530507,-0.6971868361648692,0.5358767132139115,0.02294963622685737,NA,NA,NA,NA,NA,NA,NA,NA,-1.0601909913203516e-5,NA,NA,NA,NA,NA,NA,NA,NA,NA,NA,NA,+,+,9,-742.1426425965833,1002.9703875451435,17.9207476146795,0.0000354253276726787
-1.6746816119578207,-2.078244455099431,-0.7264163556111223,0.5274635204438413,NA,NA,0.004213234715324299,NA,NA,0.012731197100362827,NA,NA,NA,NA,NA,NA,NA,NA,NA,NA,NA,NA,NA,NA,NA,+,+,9,-742.1440155924722,1002.9722060827446,17.922566152280638,0.0000353931311673332
-1.6366426771716425,-2.070841778130961,-0.7230557610377083,0.5274804359456976,NA,NA,NA,NA,NA,0.015430409508732257,NA,NA,NA,NA,NA,NA,NA,0.0050546746097035015,NA,NA,NA,NA,NA,NA,NA,+,+,9,-742.1688561465252,1003.0051074788413,17.955467548377328,0.0000348156524409048
-1.5899133564026593,-2.071316270676191,-0.7232825059708281,0.5274216357516303,NA,NA,NA,-4.473407621207127e-4,NA,0.015367518790692395,NA,NA,NA,NA,NA,NA,NA,NA,NA,NA,NA,NA,NA,NA,NA,+,+,9,-742.1711309958297,1003.0081205242777,17.95848059381376,0.0000347632413587088
-1.6046001414039128,-2.0719377934936425,-0.7236985735067096,0.527472082419434,NA,NA,NA,NA,NA,0.01512108399956021,NA,NA,NA,NA,NA,NA,NA,NA,NA,0.0012260029314228118,NA,NA,NA,NA,NA,+,+,9,-742.1715086913528,1003.0086207832487,17.958980852784748,0.0000347545471344199
-2.277361956530768,-1.9841821785629439,-0.692520620294131,0.523432492862181,NA,NA,NA,NA,NA,NA,NA,0.031550202458501715,NA,-4.456632135015062e-4,NA,NA,NA,NA,NA,NA,NA,NA,NA,NA,NA,+,+,9,-742.212387986945,1003.0627655456226,18.01312561515863,0.0000338262806724195
-0.5700859899710574,-2.082943047349384,-0.7270273340121641,0.5296745035603098,NA,NA,NA,NA,NA,0.008456069062953405,NA,NA,NA,NA,NA,+,NA,NA,NA,NA,NA,NA,NA,NA,NA,+,+,11,-739.2077599624208,1003.0831257780408,18.0334858475768,0.0000334836720608351
-1.3271555610110366,-2.079555121717179,-0.7323651094293977,0.5291290513007346,NA,NA,NA,0.011867760617338947,NA,NA,NA,NA,NA,NA,NA,NA,NA,NA,NA,NA,0.07579120338748627,NA,NA,NA,NA,+,+,9,-742.2735090047896,1003.1437205361452,18.094080605681256,0.0000324844183761807
-0.5086433859265658,-2.1404945977485337,-0.7589476563637204,0.525356580069653,NA,NA,NA,NA,NA,NA,NA,NA,NA,NA,-0.0429457858419889,NA,0.0037061025980829046,NA,NA,NA,NA,NA,NA,NA,NA,+,+,9,-742.2899906768918,1003.1655505654195,18.115910634955526,0.0000321317785098243
-0.3120061103487846,-2.0883110836271204,-0.7238142903461474,0.5287688510376997,NA,NA,NA,NA,NA,NA,NA,NA,NA,NA,NA,NA,NA,0.19276248623024778,NA,NA,NA,-0.28913961155780676,NA,NA,NA,+,+,9,-742.2939426644102,1003.1707849859738,18.121145055509828,0.0000320477928409035
-1.0120286074754599,-2.1296042088848313,-0.7581481305145594,0.5249977047501164,NA,NA,0.013507170493509638,NA,NA,NA,NA,NA,-0.0039213944692983,NA,NA,NA,NA,NA,NA,NA,NA,NA,NA,NA,NA,+,+,9,-742.3209509861084,1003.2065575974946,18.156917667030598,0.0000314796721553644
-0.25274416408310646,-2.1234787333431497,-0.7503023357396954,0.5273670936086478,NA,NA,NA,NA,NA,NA,NA,NA,NA,NA,-0.036873952381616074,NA,NA,NA,NA,NA,NA,-0.03581474008956044,NA,NA,NA,+,+,9,-742.3310878799805,1003.219983946994,18.170344016530066,0.0000312690513731778
-1.3126194987962712,-2.0789548234869177,-0.7306318039269675,0.5291684517894099,NA,NA,NA,0.011697240148309366,NA,NA,NA,NA,NA,NA,NA,NA,NA,NA,0.07017506813947401,NA,NA,NA,NA,NA,NA,+,+,9,-742.3311559430283,1003.2200740967262,18.170434166262226,0.0000312676419566396
-0.8925254820322602,-2.1012791021651323,-0.7453157561897767,0.5255556377314882,NA,0.00937984810613929,NA,NA,NA,NA,NA,NA,-0.0036510400189647533,NA,NA,NA,NA,NA,NA,NA,NA,NA,NA,NA,NA,+,+,9,-742.351862844667,1003.2475004565126,18.197860526048657,0.0000308417897252646
0.013006830822022182,-2.1332867948036323,-0.761385924973334,0.5242537421088117,NA,NA,NA,NA,NA,NA,NA,NA,-0.0051130145805943095,NA,NA,NA,NA,NA,NA,NA,NA,-0.0695669183372915,NA,NA,NA,+,+,9,-742.3600235506773,1003.2583093386454,18.208669408181436,0.0000306755566932356
-0.30543000005658555,-2.082404075616118,-0.7283643746408012,0.5297334662293152,NA,0.005487042517176471,NA,NA,NA,NA,NA,NA,NA,NA,NA,+,NA,NA,NA,NA,NA,NA,NA,NA,NA,+,+,11,-739.3537291746072,1003.2764624829234,18.226822552459453,0.0000303983875656554
-0.43070965764096647,-2.092711158896918,-0.7372470800941997,0.5294914300755575,NA,NA,0.008018786322310973,NA,NA,NA,NA,NA,NA,NA,NA,+,NA,NA,NA,NA,NA,NA,NA,NA,NA,+,+,11,-739.3621942666244,1003.2876745253304,18.238034594866463,0.0000302284503413093
-0.2197191271220366,-2.083039423941714,-0.7284465848001377,0.5293026264798828,NA,NA,NA,NA,NA,NA,NA,NA,NA,NA,NA,+,0.004841102350382852,NA,NA,NA,NA,NA,NA,NA,NA,+,+,11,-739.3627921109628,1003.2884663721361,18.23882644167213,0.0000302164845593107
-0.9930192607887129,-2.078778063969681,-0.727583099650319,0.5282309477032218,NA,0.00866879603723295,NA,NA,NA,NA,NA,NA,NA,NA,NA,NA,NA,NA,NA,NA,NA,-0.044079232819984195,NA,NA,NA,+,+,9,-742.3979774985168,1003.3085794682341,18.258939537770175,0.0000299141338806919
-0.28701418607404033,-2.135944665232974,-0.7587398767255787,0.5268914953239373,NA,NA,NA,NA,NA,NA,NA,NA,NA,NA,-0.0529835805870018,NA,NA,NA,NA,0.011697604399487815,NA,NA,NA,NA,NA,+,+,9,-742.3999493411754,1003.3111911803649,18.26155124990089,0.0000298750958221141
-1.1148102601180288,-2.1013005306461867,-0.7382586036096721,0.5280224284076966,NA,NA,0.012400694700349768,NA,NA,NA,NA,NA,NA,NA,NA,NA,NA,NA,NA,NA,NA,-0.044438259880833074,NA,NA,NA,+,+,9,-742.400828507691,1003.3123556393258,18.262715708861833,0.0000298577067233088
-0.28051563846887906,-2.1342413516026406,-0.7578037980894887,0.526805120951342,NA,NA,NA,NA,NA,NA,NA,NA,NA,NA,-0.05038014377316339,NA,NA,0.006814913819004346,NA,NA,NA,NA,NA,NA,NA,+,+,9,-742.4097522374586,1003.3241751489518,18.274535218487813,0.0000296817753649281
-1.5118002448383552,-2.11086400084661,-0.7429843777499433,0.5264228439205764,NA,NA,0.013884840185656446,NA,NA,NA,NA,NA,NA,NA,NA,NA,0.0039579391100418495,NA,NA,NA,NA,NA,NA,NA,NA,+,+,9,-742.4248070590749,1003.3441153100329,18.294475379568894,0.0000293873160048838
0.11246199797595896,-2.088639181586343,-0.7378727385985557,0.5299855658536459,NA,NA,NA,NA,NA,NA,NA,NA,NA,NA,NA,+,NA,0.0336158935832876,NA,NA,NA,NA,NA,NA,NA,+,+,11,-739.4237566418649,1003.3692140951853,18.319574164721303,0.0000290208274536897
-1.4507648868462657,-2.045942246980407,-0.7121387218364112,0.5291757284846709,NA,0.012933501574265352,NA,NA,NA,NA,NA,NA,NA,NA,NA,NA,NA,NA,NA,NA,NA,NA,0.03734304107873092,NA,NA,+,+,9,-742.4462688491919,1003.3725415221086,18.32290159164461,0.0000289725852541127
-1.3498499168521851,-2.083654241666919,-0.730516134586189,0.5268870168001659,NA,0.00966326046774868,NA,NA,NA,NA,NA,NA,NA,NA,NA,NA,0.0035489511628438793,NA,NA,NA,NA,NA,NA,NA,NA,+,+,9,-742.4479872697553,1003.3748175758349,18.3251776453709,0.0000289396324279559
-0.18148314791133663,-2.0925569196356655,-0.7364932396766266,0.5297062774022842,NA,NA,NA,0.003988907843873235,NA,NA,NA,NA,NA,NA,NA,+,NA,NA,NA,NA,NA,NA,NA,NA,NA,+,+,11,-739.4296367469613,1003.377002313856,18.32736238339203,0.0000289080369304275
-0.7101427496516151,-2.1345927053452662,-0.7620803543073067,0.5250360498558349,NA,NA,NA,0.008055424460366854,NA,NA,NA,NA,-0.004172512418702604,NA,NA,NA,NA,NA,NA,NA,NA,NA,NA,NA,NA,+,+,9,-742.4508400403438,1003.3785960799255,18.328956149461533,0.00002888500978242
-1.4380328700456415,-2.083257348797752,-0.7302667530343689,0.5282596245331136,NA,0.0064194991153901535,0.008695525369969245,NA,NA,NA,NA,NA,NA,NA,NA,NA,NA,NA,NA,NA,NA,NA,NA,NA,NA,+,+,9,-742.4602899515263,1003.3911125185779,18.341472588113902,0.000028704805522998
-1.5658002294972393,-2.085022719556115,-0.730710510839317,0.5286008989534527,NA,NA,0.017720478818781957,NA,NA,NA,NA,NA,NA,NA,NA,NA,NA,NA,NA,NA,NA,NA,0.033683749692848465,NA,NA,+,+,9,-742.4746471326857,1003.4101286525639,18.360488722099944,0.000028433171711682
-0.8175133091421539,-2.103914564280891,-0.7404290137405293,0.5281635024284046,NA,NA,NA,0.0070338552261561965,NA,NA,NA,NA,NA,NA,NA,NA,NA,NA,NA,NA,NA,-0.05079290436385241,NA,NA,NA,+,+,9,-742.5118250164068,1003.4593708826579,18.409730952193968,0.0000277416631085705
0.12199873220841301,-2.08645521757703,-0.735289396520748,0.5300424409752525,NA,NA,NA,NA,NA,NA,NA,NA,NA,NA,NA,+,NA,NA,NA,0.013399505432685775,NA,NA,NA,NA,NA,+,+,11,-739.4979052328717,1003.467424149499,18.41778421903507,0.0000276301821977637
0.13091627692744415,-2.0865252423096656,-0.7355815669395476,0.5300542609156433,NA,NA,NA,NA,NA,NA,NA,NA,NA,NA,NA,+,NA,NA,NA,NA,NA,0.00922725707434052,NA,NA,NA,+,+,11,-739.5111321878736,1003.4849432951968,18.435303364732817,0.0000273892105491433
-1.2537549822225398,-2.11546239259722,-0.7464426873880804,0.5263952547627677,NA,NA,NA,0.008294410637693131,NA,NA,NA,NA,NA,NA,NA,NA,0.004523183494892863,NA,NA,NA,NA,NA,NA,NA,NA,+,+,9,-742.5433892928776,1003.501177871361,18.451537940897083,0.0000271677843427466
-1.2656172123878904,-2.0749103311379793,-0.7270451385031022,0.5284434090343791,NA,0.009370072235143476,NA,0.002104521106878487,NA,NA,NA,NA,NA,NA,NA,NA,NA,NA,NA,NA,NA,NA,NA,NA,NA,+,+,9,-742.544794150239,1003.5030386095881,18.45339867912412,0.000027142520029702
-1.1923702282094533,-2.070989231451989,-0.7250616110882209,0.5284722350033557,NA,0.01055945748791092,NA,NA,NA,NA,NA,NA,NA,NA,NA,NA,NA,NA,NA,-0.007763270175487242,NA,NA,NA,NA,NA,+,+,9,-742.5459355859115,1003.5045504449158,18.454910514451853,0.0000271220102721904
-1.2229207489354756,-2.069267923498372,-0.7244361726051932,0.5285195131054969,NA,0.010826313697380041,NA,NA,NA,NA,NA,NA,NA,NA,NA,NA,NA,-0.004676839438135631,NA,NA,NA,NA,NA,NA,NA,+,+,9,-742.5521192961609,1003.512740789617,18.463100859153087,0.0000270111680794779
-1.3386963610798757,-2.1001228861573784,-0.7387087401510769,0.5281298609893359,NA,NA,0.015076900885782191,NA,NA,NA,NA,NA,NA,NA,NA,NA,NA,NA,NA,-0.006433474850787484,NA,NA,NA,NA,NA,+,+,9,-742.5598700928426,1003.5230067454869,18.473366815022928,0.0000268728755795428
-1.353556837583697,-2.0997094700894556,-0.7387294207283633,0.5281423117421196,NA,NA,0.015241604035971058,NA,NA,NA,NA,NA,NA,NA,NA,NA,NA,-0.00577614228958178,NA,NA,NA,NA,NA,NA,NA,+,+,9,-742.5619519342775,1003.5257641513609,18.476124220896963,0.0000268358513955955
-0.604872002948264,-2.1076476559777255,-0.7424619252206354,0.5263690390549661,NA,NA,NA,NA,NA,NA,NA,NA,NA,NA,NA,NA,0.0048233688727946636,NA,NA,NA,NA,-0.06468491465319404,NA,NA,NA,+,+,9,-742.5863176437672,1003.5580366142611,18.508396683797173,0.0000264062969021819
-0.30746480081800376,-2.0490589692047676,-0.7262613081043358,0.5306197232342522,NA,NA,NA,NA,NA,NA,NA,NA,NA,-1.6175394651844703e-4,NA,NA,NA,NA,NA,NA,NA,NA,NA,NA,NA,+,+,8,-744.1226257001796,1003.5928817220921,18.543241791628134,0.0000259502163513922
-0.13902227714424986,-2.1161153238351202,-0.76133953102018,0.5253857585456255,NA,NA,NA,NA,NA,NA,NA,NA,-0.005509715908410045,NA,NA,NA,NA,NA,NA,NA,0.056435888966560425,NA,NA,NA,NA,+,+,9,-742.6393368001869,1003.6282606624992,18.578620732035233,0.0000254952070739595
-1.1854773453325373,-2.0914209532590338,-0.7357739384889541,0.5287539174345613,NA,NA,NA,0.01057823255303846,NA,NA,NA,NA,NA,NA,NA,NA,NA,NA,NA,NA,NA,NA,0.027432461310112784,NA,NA,+,+,9,-742.6696669295776,1003.668433019308,18.618793088844086,0.0000249882146123185
-0.13896767585961345,-2.115786956706019,-0.7599598800104472,0.5254048367759009,NA,NA,NA,NA,NA,NA,NA,NA,-0.005476334041546519,NA,NA,NA,NA,NA,0.049919634103630296,NA,NA,NA,NA,NA,NA,+,+,9,-742.6817000501949,1003.6843709274104,18.634730996946473,0.0000247898760034923
-0.32997723476951524,-2.092685980344435,-0.7360501678810535,0.5285925314181245,NA,NA,NA,NA,NA,NA,NA,NA,NA,NA,NA,NA,NA,NA,NA,0.05307647536097308,NA,-0.1310524579141616,NA,NA,NA,+,+,9,-742.693351634719,1003.699803489694,18.65016355923001,0.0000245993264631503
-0.9875998526151334,-2.103968145275734,-0.7418664155827406,0.528304028819276,NA,NA,NA,0.008696715352610272,NA,NA,NA,NA,NA,NA,NA,NA,NA,NA,NA,-0.011580478636551693,NA,NA,NA,NA,NA,+,+,9,-742.7115613686772,1003.7239223426187,18.674282412154753,0.0000243044542630415
-0.03660722971875485,-2.1332317041820708,-0.7635587537422708,0.5245718267404895,NA,NA,NA,NA,NA,NA,NA,NA,-0.005056332814263794,NA,NA,NA,NA,NA,NA,-0.029994792345373077,NA,NA,NA,NA,NA,+,+,9,-742.7144812400433,1003.7277897219116,18.678149791447595,0.0000242575024012657
-0.0369835140695957,-2.1329801581211236,-0.7647607638492386,0.5244944465040847,NA,NA,NA,NA,NA,NA,NA,NA,-0.005174532366003673,NA,NA,NA,NA,-0.03341337421315142,NA,NA,NA,NA,NA,NA,NA,+,+,9,-742.7161761623099,1003.7300346520661,18.68039472160217,0.0000242302894775935
-1.0053292147246593,-2.1033345236172005,-0.7419697174081814,0.5282997226601049,NA,NA,NA,0.00884961383053674,NA,NA,NA,NA,NA,NA,NA,NA,NA,-0.010941152717675758,NA,NA,NA,NA,NA,NA,NA,+,+,9,-742.7171483211648,1003.7313222796885,18.681682349224502,0.0000242146947031835
-0.8893854924305493,-2.0911789841300856,-0.7409374884904568,0.5268550406573247,NA,NA,NA,NA,NA,NA,NA,NA,NA,NA,NA,NA,0.006697594391519785,NA,NA,NA,0.05772962776999973,NA,NA,NA,NA,+,+,9,-742.7235722738332,1003.7398308262691,18.69019089580513,0.0000241118975928174
-0.2864718373633262,-2.0616252002051203,-0.7517895789609828,0.52705480602944,NA,NA,NA,NA,NA,NA,NA,NA,NA,-7.289954080247987e-5,-0.043445191325374805,NA,NA,NA,NA,NA,NA,NA,NA,NA,NA,+,+,9,-742.7612010336414,1003.7896702432337,18.740030312769704,0.0000235184609772065
-0.38585438207058714,-2.1359992790753144,-0.7649121993249578,0.523766411520274,NA,NA,NA,NA,NA,NA,NA,NA,-0.0041569410273364915,NA,NA,NA,0.0037789367179495528,NA,NA,NA,NA,NA,NA,NA,NA,+,+,9,-742.7631439787609,1003.792243680478,18.74260375001404,0.0000234882187962636
-0.8857445373907549,-2.0908395438041936,-0.7396865075893634,0.5268735155787541,NA,NA,NA,NA,NA,NA,NA,NA,NA,NA,NA,NA,0.006664186075708126,NA,0.052414170889170504,NA,NA,NA,NA,NA,NA,+,+,9,-742.7640794305967,1003.793482689532,18.743842759068002,0.0000234736722446811
-0.6837638052111827,-2.1088583803584173,-0.7450770145799014,0.5263185499934538,NA,NA,NA,NA,NA,NA,NA,NA,NA,NA,NA,NA,0.005443832774000432,NA,NA,-0.027417074735241024,NA,NA,NA,NA,NA,+,+,9,-742.8651358901049,1003.9273323047746,18.87769237431064,0.0000219541163611475
-0.08786666776654416,-2.1329427419495888,-0.7663413785712849,0.5247331351837975,NA,NA,NA,NA,NA,NA,NA,NA,-0.005365464317735252,NA,NA,NA,NA,NA,NA,NA,NA,NA,-0.0010958348519089637,NA,NA,+,+,9,-742.8774612109197,1003.9436572330062,18.894017302542238,0.0000217756460438292
-0.6998059564020058,-2.1087640410267374,-0.746070488754186,0.526291886352382,NA,NA,NA,NA,NA,NA,NA,NA,NA,NA,NA,NA,0.005546581109802459,-0.028779854826133672,NA,NA,NA,NA,NA,NA,NA,+,+,9,-742.8795483282868,1003.9464216268699,18.896781696405924,0.0000217455686039396
0.3367451903095564,-2.0511629397826083,-0.7139480948768216,0.5213233038563786,NA,NA,NA,NA,NA,NA,NA,NA,NA,-1.1811585516329489e-4,NA,+,NA,NA,NA,NA,NA,NA,NA,NA,NA,+,+,11,-739.9100569561284,1004.0133204716933,18.963680541229337,0.0000210302225469987
-0.8130523616305024,-2.1044087330629586,-0.7448677035086086,0.5264656389482486,NA,NA,NA,NA,NA,NA,NA,NA,NA,NA,NA,NA,0.006288305926356689,NA,NA,NA,NA,NA,0.009058502348672117,NA,NA,+,+,9,-742.9899994868757,1004.0927145521532,19.043074621689243,0.0000202117381422496
-0.4737613380086957,-2.0769376398699255,-0.738290661043223,0.5296338356843984,NA,NA,NA,NA,NA,NA,NA,NA,NA,NA,NA,NA,NA,NA,-0.23347569056824916,NA,0.2859901626014507,NA,NA,NA,NA,+,+,9,-743.0667293981395,1004.1943435736947,19.14470364323074,0.0000192103466328994
-0.34692514988357326,-2.093527439707099,-0.7397431658334321,0.5287502090988893,NA,NA,NA,NA,NA,NA,NA,NA,NA,NA,NA,NA,NA,0.0037631387737671286,NA,-0.03774945503048122,NA,NA,NA,NA,NA,+,+,9,-743.1435739067232,1004.2961243797658,19.246484449301875,0.0000182571834810234
-0.24836182293948109,-2.0168624485272852,-0.6771827420205935,0.5392026122804533,NA,NA,NA,NA,NA,NA,NA,NA,NA,-4.18905275401089e-5,NA,NA,NA,NA,NA,-0.03431100031627407,NA,NA,NA,NA,NA,+,+,9,-743.4131354796366,1004.6531595756776,19.603519645213623,0.0000152723044289963
-1.2218350403174776,-1.9557900375645743,-0.6749000837973171,0.5321291195820674,NA,0.013897607820152315,NA,NA,NA,NA,NA,NA,NA,-2.1225477283754436e-4,NA,NA,NA,NA,NA,NA,NA,NA,NA,NA,NA,+,+,9,-743.4591814396466,1004.7141476021809,19.664507671716933,0.0000148136196877589
-0.29959754384611587,-2.044683694852371,-0.732871768843089,0.5197845419465079,NA,NA,NA,NA,NA,NA,NA,NA,NA,-7.418198302244094e-5,NA,NA,NA,-0.035581667895780905,NA,NA,NA,NA,NA,NA,NA,+,+,9,-743.4633248479237,1004.7196355601639,19.669995629699883,0.0000147730271445607
-1.0616348718468418,-1.994958853822743,-0.6974296663874305,0.5320416193990088,NA,NA,NA,0.013231761768408045,NA,NA,NA,NA,NA,-2.0374255130043572e-4,NA,NA,NA,NA,NA,NA,NA,NA,NA,NA,NA,+,+,9,-743.5839318987751,1004.8793799983775,19.829740067913576,0.0000136389655306112
-0.15669193085521044,-2.0552776314863705,-0.7235800438735404,0.5299706061256811,NA,NA,NA,NA,NA,NA,NA,NA,NA,-1.7325088134573826e-4,NA,NA,NA,NA,NA,NA,NA,-0.07639334730413268,NA,NA,NA,+,+,9,-743.5875192379806,1004.8841314410339,19.834491510569933,0.000013606601608358
-1.4921797682970546,-1.9716434734242205,-0.6798523949832176,0.5306812309866007,NA,NA,NA,NA,NA,0.016852562700578437,NA,NA,NA,-3.4369155619618473e-4,NA,NA,NA,NA,NA,NA,NA,NA,NA,NA,NA,+,+,9,-743.8288154256963,1005.2037290406574,20.154089110193468,0.0000115971141563325
-1.6754077082340755,-1.9360065847766619,-0.6728396517127315,0.5361478841897892,NA,NA,0.02515586153927048,NA,NA,NA,NA,NA,NA,-3.75525738559291e-4,NA,NA,NA,NA,NA,NA,NA,NA,NA,NA,NA,+,+,9,-743.9418637323311,1005.3534618971272,20.303821966663236,0.0000107605843330014
-0.6729246258155314,-2.053427723527332,-0.7260450222231206,0.5273278456932652,NA,NA,NA,NA,NA,NA,NA,NA,NA,-2.1002810777316633e-4,NA,NA,0.00669682381008472,NA,NA,NA,NA,NA,NA,NA,NA,+,+,9,-744.0262256098877,1005.4651994832949,20.415559552830928,0.0000101758886712871
0.1343120160736569,-2.0700356912614333,-0.740465204091863,0.5266603346393418,NA,NA,NA,NA,NA,NA,NA,NA,-0.006063389318850732,-2.4206056579329977e-4,NA,NA,NA,NA,NA,NA,NA,NA,NA,NA,NA,+,+,9,-744.0677261723563,1005.5201671157037,20.47052718523969,0.00000990002467945733
-0.35590457590634067,-2.0212063625455854,-0.7157111585868633,0.5315833927576245,NA,NA,NA,NA,NA,NA,NA,NA,NA,-1.884057402294813e-4,NA,NA,NA,NA,NA,NA,0.053953771890136455,NA,NA,NA,NA,+,+,9,-744.0699145902291,1005.5230656824227,20.473425751958757,0.00000988568713052553
-0.35558903580599777,-2.0217002085907643,-0.7149742415807602,0.5315748177277896,NA,NA,NA,NA,NA,NA,NA,NA,NA,-1.866178494686769e-4,NA,NA,NA,NA,0.048351755357404894,NA,NA,NA,NA,NA,NA,+,+,9,-744.0928429520683,1005.5534343736003,20.50379444313637,0.00000973671333785475
-0.3085721906116867,-2.0495459315744204,-0.7255481953459051,0.5295424992391556,NA,NA,NA,NA,NA,NA,NA,NA,NA,-1.5905631994331398e-4,NA,NA,NA,NA,NA,NA,NA,NA,-0.0022077737418951878,NA,NA,+,+,9,-744.1070411717972,1005.5722399626452,20.52260003218123,0.00000964559010092044
